"user_id","reviewer_id","username","review_text","timestamp","review_vote","gameplay","storyline","sociability","scariness","sequel_purchased"
"76561198974937503",NA,"Drend","its fun to play with friends",1645691814,"upvote",0,0,1,0,0
"76561198851352005",NA,"Murk","fun
",1635624412,"upvote",1,0,0,0,1
"76561197980828688",NA,"Izex","Fun game and can be spoopy sometimes.",1525160519,"upvote",1,0,0,1,0
"76561199073760453",NA,"Nemisis","you should be looking for timmy, not building a stupid gazebo.....",1641518478,"upvote",0,0,0,0,1
"76561198312975380",NA,"Hilarious February","literally british simulator",1671872267,"upvote",1,0,0,0,0
"76561198005696798",NA,"A Brave Peasant","Great game, small download and cheap",1511599883,"upvote",0,0,0,0,0
"76561199136610767",NA,"Sam","It's a great survival game i do recommend playing it if you like horror, survival, and base building",1653147182,"upvote",1,0,0,1,0
"76561198405059532",NA,"Shuichi","Just Buy the game, its a good survival genre game, the graphic is quite realistic",1594853245,"upvote",1,0,0,0,1
"76561199027167607",NA,"Goatku","very cool game, better with friends.",1608828846,"upvote",1,0,1,0,1
"76561199056894256",NA,"Drekavac","Ronaldo > Messi
Suuuiiiii",1676334702,"upvote",0,0,0,0,1
"76561198089332801",NA,"Rusty","I was enjoing the game with my 2 other friends we just went into a cave and on our way out, we were carying more loot than an average viking the game crashed, guess it could not load fast enough and kicked us, it did not kick everyone at once, the exit for the cave was were it kicked my friend and as the child i am i laughed at him unknowing that once i reach that exit i too will get kicked, so now i write this review to warn people that if they plan on investing time in the game the should build a bead every 3foor or so if they do not want to lose their loot, because all my loot from the cave was gone.

As for the free game, was a gift from one of the friends i mentioned above",1546087186,"downvote",1,0,1,0,1
"76561198052532259",NA,"Gustav","play with a friend
great story",1535505126,"upvote",0,1,1,0,1
"76561198333376916",NA,"kaidragonheart","family cannibalism",1737768961,"upvote",0,0,1,0,0
"76561198175287266",NA,"emphyS ‚ãÜÔΩ°¬∞‚ú©","very fun with friends",1735741774,"upvote",0,0,1,0,0
"76561199328274501",NA,"Haircut","fun. better with friends.",1672980959,"upvote",0,0,1,0,1
"76561198062035833",NA,"Nii","Awesome survival game <3",1480252313,"upvote",1,0,0,0,0
"76561198850179563",NA,"luhcoco","good game :)",1609549431,"upvote",0,0,0,0,0
"76561198057452485",NA,"TheKarmaaTrain","Plane goes down on an island inhabited by canible humans and mutated monsters, build a base, kill bunnys and eat there flesh, wear there skins to keep you safe, chop up canibles and beat one with anothers severed leg, you litraly beat up a fool with another fool, bloody epic game",1514170697,"upvote",1,1,0,0,0
"76561199251562099",NA,"yarb using abo","kuul",1653567876,"upvote",0,0,0,0,0
"76561199560685825",NA,"Sleezy","Cannibal screams are scary AF , in the pitch black using a tiny lighter that goes out every now and again..... Really enjoy the crafting and base building aspect of the game only 4 hours in and enjoying every minute.",1733459874,"upvote",1,0,0,1,0
"76561199121502671",NA,"CyferXLVII",".",1609481453,"upvote",0,0,0,0,1
"76561198319480160",NA,"Masterpeace","ok the more you messed with it the more i begun to hate it. it ran worse on my pc and i have a pretty good pc and the more the updates the worse the game got for me i would love my money back becuz of i dont play it no more and its just not good anymore im displeased.... and for that plz refund my money its not worth what there asking and for it not to work anymore for me.",1473550062,"downvote",0,0,0,0,0
"76561199070582135",NA,"tagyuro125","I liked the game play the story and other features of the game.",1595191443,"upvote",1,1,0,0,0
"76561198004435259",NA,"omgits_OJ","10/10 survival game, waiting for Sons of the Forest!",1676869600,"upvote",0,0,0,0,1
"76561199155332479",NA,"Alex","ew",1652508053,"upvote",0,0,0,0,0
"76561198106851597",NA,"CyanideFoxx","Murdered my best friend by accident. 10/10",1587190855,"upvote",1,0,1,0,0
"76561198090599096",NA,"Triangle Fish","While the game is still in early Alpha, the game is absolutly wonderful. great visuals and a challenging fight against the natives. I recommend this game to anyone who likes survival games. :)",1421516353,"upvote",1,1,0,0,0
"76561199093704932",NA,"Scurry","good",1635656520,"upvote",0,0,0,0,0
"76561198032975226",NA,"Necronomnomcoins","Very buggy, I couldn't even get it to start on the first try. I reccommend buying this game NOW, because the way toward better games is to make it easier for independent games developers to make top quality games, therefore forcing the hand of conglomerated develpoers to create the best games they can (to keep up with independent dev's), rather than making games that will be better at making them money (what they are doing now.)",1401714720,"upvote",0,0,0,0,0
"76561198170503355",NA,"feline","naked cannibals isnt really my type",1562063221,"upvote",0,0,0,0,0
"76561198152106534",NA,"NightProduct","Pretty fun game, alone is pretty meh but like a lot of survival games if you have a group of friends to play with you it gets pretty fun.",1550956929,"upvote",0,0,1,0,1
"76561198407997106",NA,"kiwii","epic ness 
awesome ness
spook?!?!?!
yes.",1639152257,"upvote",1,0,0,1,1
"76561198976347837",NA,"bombardilo crocodilo","game jembod",1648962764,"downvote",0,0,0,0,0
"76561198068464575",NA,"MorkoBlooper","gud gam",1665594855,"upvote",0,0,0,0,0
"76561199161430518",NA,"Rusty","This is the #2 best survival game EVER
nostalgic
funny
scary
and... ITS THE FOREESTTTT",1680042268,"upvote",1,1,0,1,1
"76561199489085299",NA,"nicuu.tn","men eat another men
men happy",1734880968,"upvote",1,1,0,0,1
"76561199547311719",NA,"Xsyaa9","SO FUN GAME",1736857453,"upvote",1,0,0,0,0
"76561198360666921",NA,"·É©·É£·Éë·Éò·Éú·Éê","Best game to play with friends",1637874010,"upvote",0,0,1,0,0
"76561198058016073",NA,"Ookomix","A very good game! I recommend you play with friends, it's much funnier than playing alone. 
-Good graphics
-Interesting mechanics
-enjoyable atmosphere",1497602434,"upvote",1,0,1,0,0
"76561198857663232",NA,"wakes","yes
",1595368498,"upvote",0,0,0,0,0
"76561199012567485",NA,"zodlyac","fun (with friends)
",1687803569,"upvote",0,0,1,0,0
"76561198801888389",NA,"PauliWalli","naked men ran at me and I stabbed them to death 10/10",1652499872,"upvote",1,0,0,0,1
"76561197995001220",NA,"drabiozo","I was in this game from the beginning and im really proud of the outcome :D",1485906072,"upvote",0,0,0,0,0
"76561198141024725",NA,"cursinglion","One of the best coop experience ever. Highly recommend playing with a friend.",1561901421,"upvote",1,0,1,0,0
"76561199122234798",NA,"Kaeru","fun",1618325894,"upvote",1,0,0,0,0
"76561199157375162",NA,"Kriezas","agua best game",1675595466,"upvote",0,0,0,0,0
"76561199126090629",NA,"Burritobot300","amazin",1699896084,"upvote",0,0,0,0,0
"76561199166279764",NA,"Cho Hee Sook","???",1638941534,"upvote",0,0,0,0,0
"76561199064738070",NA,"‚ó•hL0RRY-","I ran and ran, got lost in 1 day and spent 4 days returning home",1669278431,"upvote",1,0,0,0,0
"76561198240011768",NA,"ZoldyX","pogu gamey game with friends
",1624741932,"upvote",0,0,1,0,0
"76561197993515393",NA,"Mista","I actually wanted to make this review negative after playing for quite some time, but I changed my mind after finishing it.

I didn't really have too great of a time mostly. Scary cannibals stop being scary pretty fast and then they are just a nuisance. Game is heavily exploration focused, which I like a lot in games, but visiting each and every cave wasn't bringing me any sense of fulfillment, I was just going around identical looking places, going in circles, sometimes finding something useful and then going out in an undisclosed place. Due to you being actually required to explore the caves to progress, investing time in creating actual working base seemed to be completely pointless and most of the time temporary shelter was just enough. But I had enough fun with my friends playing coop to continue and finally we've reached the only redeeming quality I can talk about in this game, which is the very last section of the game, which was really, really good and climatic. The endings are also a whole different story, especially with one of the endings not actually ending the game, thus not unlocking creative mode - it just progresses like nothing happened.

The last section was good enough for me giving a thumbs up on this game, though. For this part only I recommend visiting The Forest.",1614021089,"upvote",0,0,0,0,1
"76561198415238614",NA,"Bolt Neck","Very intense gameplay! Certainly recommended to play with friends!",1602449503,"upvote",1,0,1,0,1
"76561198033686448",NA,"Shujin","Lots of de-foresting, lots of building, lots of cannibalism. its lack of a guiding though 9/10",1613695599,"upvote",0,0,0,0,1
"76561198350960151",NA,"sperminator","Good game, I love it",1487419770,"upvote",0,0,0,0,0
"76561198018860202",NA,"Lewis","Fantastic survival and exploration game.",1650419926,"upvote",1,0,0,0,0
"76561199059444112",NA,"some cringe name","If I had a nickel for every time my son was taken from me I???d have 2 nickels. fuck you brenda you dick sucking cheating whore. Great game though",1719369187,"upvote",0,0,0,0,0
"76561198161420125",NA,"Gwagi","Very ok",1628881468,"upvote",0,0,0,0,1
"76561198432917912",NA,"heneryettathehen","It's amazing! I love the building mechanics especially, it makes it very fun for me.",1609522702,"upvote",1,0,0,0,1
"76561198308569943",NA,"lecki","I am a wussy. I bought this game before any of my friends because i had watched a youtuber play it but until a friend bought it and joined me i realized i couldnt play this game alone. This is a good online multiplayer game to play with a friend/s but I stayed up contemplating the situation this game put me in and i was sad.",1603587772,"upvote",0,0,1,0,1
"76561199115306235",NA,"AngryShrek","best survival game ever recommend for anyone",1734948983,"upvote",1,0,0,0,0
"76561198272164236",NA,"degeaba_fugi:)))","Nice game!!!",1546120046,"upvote",0,0,0,0,0
"76561198968643925",NA,"Tootin'Barbs","very poggers :)",1636651508,"upvote",0,0,0,0,1
"76561198113699776",NA,"Phoenix","I love the game i had it since the first few patches and stuck around kinda left before the map got better but when i came back i love it and hope they come out with more games",1525573319,"upvote",1,0,0,0,0
"76561198427046314",NA,"Dovla","Very nice game",1577277638,"upvote",0,0,0,0,0
"76561198151980696",NA,"Markas","Plane crashes with me and my son.

Cannibal takes my son.

Wake up 666 hours later. 

Look around the plane and collect items.

Found 6 booze bottles.

I say to myself ""No wonder the plane crashed"".

Cannibal kills me later for teabagging a dead enemy.

10/10 For realism",1457394915,"upvote",1,1,0,0,0
"76561199247783567",NA,"kja.08","this game is absolutely incredible this zesty community is thriving at the moment i hope we can all come together and learn to love this game 
best regards
saltychip",1667763355,"upvote",0,0,1,0,0
"76561198818481505",NA,"Dodorel","Yes",1672316272,"upvote",0,0,0,0,0
"76561198212487512",NA,"Mars Igloo","Playing this in vr made me shit myself, still fun tho",1647548980,"upvote",1,0,0,1,1
"76561198804259213",NA,"massiverection","this game made me shit myself so hard that i had to go to hospital",1605275910,"upvote",0,0,0,1,0
"76561198267720906",NA,"CyberPsych","Very fun, ive spent hours playing with friends.
Graphics: 8/10 really good <3
Story: 5/10 it was fun but i never liked hour it came out. though i cant do much better
Controls: 7/10 Minor input lag but that might be on my end
Replayability: 9/10 ive spent 88 hours playing multiple saves
",1596781613,"upvote",1,1,1,0,0
"76561198136571112",NA,"python","cannibbals",1576819443,"upvote",0,0,0,0,0
"76561198152769895",NA,"≈öavvy","Really Great game. If you really pay attention to the story and following along its actually really detailed and entertaining to follow along with. The game is more fun played with friends, but is also enjoyable in a lone wolf experiences. You can design and build some pretty good base. But for warning it is a survival game, so if you wanna make something cool you need to be okay with grind for certain resources.  If you choose to explore the map you can find some unique locations and gain good items. I overall recommended the game anyone who enjoys base build, survival games, with a horror twist and like to follow along with clues to put the story together.",1562127613,"upvote",1,1,1,0,0
"76561199172660727",NA,"Jakbub","yes",1672605205,"upvote",0,0,0,0,1
"76561199561882651",NA,"AlexMFlo","Really nice game.",1732626988,"upvote",0,0,0,0,0
"76561199196935436",NA,"Stinger","yeeeeeeeeeees",1688929854,"upvote",0,0,0,0,1
"76561198180430674",NA,"Tavi is fat","is good
",1591398263,"upvote",0,0,0,0,0
"76561198837423568",NA,"dyzphoriia","amazing game
",1657500253,"upvote",0,0,0,0,0
"76561198999280692",NA,"lilgilly21","its a fun game to play with the boy",1612161209,"upvote",1,0,0,0,0
"76561198815378696",NA,"Mas toha","this game is good",1647529946,"upvote",0,0,0,0,0
"76561198149808367",NA,"majik","Love it, even for an Alpha, you'll have alot of fun. If Survival games are your type of games, without a doubt, get this game. Minecraft for adults is The Forest.",1468177005,"upvote",1,0,0,0,1
"76561199496393208",NA,"Matex9910","This is great game,I never played beter open world survival game.",1735294966,"upvote",1,0,0,0,1
"76561198323229874",NA,"Zembi","tassak",1562620357,"upvote",0,0,0,0,1
"76561198115213501",NA,"Toaster on Legs *takes shower*","horrible so scary my 19 year old brother couldnt sleep without a night light
",1437590424,"downvote",0,0,0,0,0
"76561198006178263",NA,"EN FUEGO","Will you be my new daddy?",1627811082,"upvote",0,0,0,0,1
"76561198255136959",NA,"XxNekoRangerxX","such amazing",1614446057,"upvote",0,0,0,0,0
"76561199068505607",NA,"Speb","fun ig",1663003108,"upvote",0,0,0,0,0
"76561199191535875",NA,"crustysock","really good game but you need people to play with",1639443133,"upvote",0,0,1,0,0
"76561199226411993",NA,"COCKUSBALLUS","game was super fun. i got to pretend to be a colonist and kill all the natives while i thrived on this foreign lands.",1688088675,"upvote",1,1,0,0,0
"76561198061018680",NA,"thepigeonman117","fun, but pretty freaky <3
",1575753100,"upvote",1,0,0,1,1
"76561199445283864",NA,"fleary","good you can kill cannibals
",1677528965,"upvote",1,0,0,0,0
"76561199079786404",NA,"FrostyBigBrain","this shit is ass my nigga",1672461733,"downvote",0,0,0,0,0
"76561199260530715",NA,"Krazykayra","fun with friends",1649327527,"upvote",0,0,1,0,1
"76561198111764839",NA,"Serpent","this game is really cool 
it yet has some things it needs to improve on and need to work on such as glitches and 
invatory, traps, and more storage.",1402382838,"upvote",1,0,0,0,1
"76561198107813889",NA,"Ôº≤ÔΩÅÔΩâÔΩéÔΩçÔΩÖÔΩîÔΩÖÔΩíÔΩô","Great and fun. Only if the story could be longer...",1532292325,"upvote",1,1,0,0,0
"76561198806211764",NA,"Nami","small tit cannibal much good hit",1607143445,"upvote",1,0,0,0,0
"76561199096918488",NA,"lxvishleo","shit game",1647584008,"downvote",0,0,0,0,0
"76561199477424644",NA,"Junksquirrel00","So fun, can be a bit creepy though. Otherwise, would play",1710610150,"upvote",1,0,0,1,0
"76561198061721703",NA,"Koprium","The story for this game is absolutely phenomenal... Yea the base building is fun and all with friends, but when you really started getting immeresed in the story you can see how much detail the developers put into it!",1544857530,"upvote",1,1,1,0,0
"76561199113857780",NA,"sludge","goofy",1624494474,"upvote",0,0,0,0,0
"76561198439169680",NA,"Dimetro","One of my favorite games. Canibals eat you you eat canibals but your not canibal. And the glitches are the best part.",1677253458,"upvote",1,0,0,0,1
"76561199014844207",NA,"hbomb23887","bruh
",1609439171,"upvote",0,0,0,0,0
"76561198166050511",NA,"Mi»ôu CSGOSKINS","I like this game and is pretty good made",1561992032,"upvote",0,0,0,0,0
"76561198373312540",NA,"bradyroblin4","this game doen not work for my computer like it used to i have a lenovo computer and it used to work but now it dosnt i am mad because i wasted money for this game and it dorsnt even WORK if u now how to fix this pls msg me",1489530838,"downvote",0,0,0,0,0
"76561198030805353",NA,"Ham","I wouldn't know if this were a game or a screensaver, it runs so poorly on my system I've never actually been able to play it.  And its been some time since I first got it and I keep hearing about performance focused updates but it still runs like crap and I've never been able to really play it. I have about 11 hours of watching loading screens, and Steam refuses to refund me for it.",1439843414,"downvote",0,0,0,0,0
"76561199085176400",NA,"BABYdragon0905","so good!",1653080404,"upvote",0,0,0,0,0
"76561199147946330",NA,"Tomoko Kuroki","This is a great game to play with friends, it's more fun with friends than solo. decently large map, plentiful to do. It can sometimes feel repetitive and annoying but usually that feeling goes away when the strange AI of the enemies kick in and gives you a good laugh.

Theres a passive mode in this game where there are no enemies so if you want to just explore and build, this game has that feature too!",1632632795,"upvote",1,0,1,1,1
"76561198977905605",NA,"VINAYAK","Green Hell is better then this. Play fortnite instead of this game.",1660635910,"downvote",0,0,0,0,0
"76561199105332216",NA,"Tadalynas","I played this game and i fell in love beacause naked women chases me 10/10 game",1735514191,"upvote",1,0,0,0,1
"76561198296113929",NA,"Dyaniz","As I first spawned into this lovely and beautiful game, I've learned multiple things along the way, to not trust people (including your own friends) for they will betray you just for the last piece of dried leg, friendships has been lost along the way, and multiple hardships has been experienced. Do I recommend this game? 100% if you love treachery and the suffering of others. For my money, this is not worth it. (10/10 tho)",1667832247,"upvote",0,0,1,0,0
"76561198211681908",NA,"HYUN","HEY,
YOU SHOULD START TO LOOKING FOR OUR TIMMY, YOU PIECE OF SH*T !!!!!!!!!!",1518787075,"upvote",0,0,0,0,0
"76561198093778357",NA,"‚òÖ Isako ‚òÖ","Yeah worth every dollar. Good story.",1583080147,"upvote",0,1,0,0,1
"76561197974272346",NA,"Glitch","Its like the show ""Lost"" meets a semi-realistic Minecraft experience.",1664685348,"upvote",1,1,0,0,1
"76561199101504308",NA,"Smiltis","The Forest is a thrilling survival horror experience with stunning visuals, intense gameplay, and a chilling atmosphere. It keeps you on the edge of your seat from start to finish.",1687258788,"upvote",1,0,0,1,0
"76561198276773046",NA,"GluttonKing","Great multiplayer and graphics for the money.",1515777677,"upvote",0,0,1,0,1
"76561198059129262",NA,"Rm.","6‚Äò?10?‚Äô",1551032135,"upvote",0,0,0,0,0
"76561198082318982",NA,"[NCE]RotInPixels","dont get it yet. its still full of glitches, and major game downers like a glitch i have where whenever i walk up to a tree, it dissapears from me so i cant see it and then cant cut it down, so i cant really play...dont get it yet, but definately get it wen its done",1405118806,"downvote",0,0,0,0,0
"76561198844703287",NA,"Saysac","SOOOO GOOOODDDDD OM;",1624724997,"upvote",1,0,0,0,0
"76561199223689440",NA,"Gutsíâ≠","ntftrdftyghdfhytfhgyikj",1664118398,"upvote",0,0,0,0,1
"76561198207746773",NA,"Nigel Homeless","Yeah. I'm in the forest. Is there cannibals. Yes there is. Yeah I scare him. Now I live in the forest.",1667039113,"upvote",0,0,0,0,0
"76561198390488977",NA,"TRIGG...","Challenging survival game fun with friends and very intriguing story line",1688757633,"upvote",0,1,1,0,0
"76561199685680794",NA,"Zeus","The Forest PC game: where you build a fancy base, start a fire, and then promptly get killed by a cannibal in a loincloth while thinking, 'I'm a functioning member of society... in real life, I can barely keep a houseplant alive",1726166703,"downvote",0,0,0,0,0
"76561198231772572",NA,"~Xyphodus~","I made a Sled Coaster across the entire map. So I guess its good",1618718114,"upvote",0,0,0,0,0
"76561199217316083",NA,"Nexces","This game is very good quality and the sound effects are amazing too i recommend you to try this game out.",1659977193,"upvote",1,0,0,0,1
"76561198272849136",NA,"rock_lobster576","Fun survival/atmospheric horror game, and it has a decent story as well. I had a good time playing it. Great with multiplayer.",1602283904,"upvote",0,1,1,1,0
"76561198400370090",NA,"Janbsh","Good Game... Should Play... EPIC!",1581130416,"upvote",1,0,0,0,0
"76561198051433653",NA,"giga piss","There are some bugs but that's what makes this game great. I highly recommend playing with friends as it makes the experience far more fun.

I recommend this to anyone who like survival games and might be on the fence about this purchase. It's a little difficult but easy enough to pick up and go. It definitely presents a challenge.",1500955599,"upvote",1,0,1,0,1
"76561199231300169",NA,"HimeMyles1","bet game evor
",1696195939,"upvote",0,0,0,0,0
"76561198363680967",NA,"TheLegendofZach","This is no Sons of the Forest. This game, instead of harsh but recoverable difficulty, instead featured cruel, laborious, and non-customizable core mechanics. The brutal ""survival"" had me consistently 1-shot by a boss which repeated the same boring and slow 3-hit attack pattern. However, thanks to a friend, I was able to be revived multiple times throughout the fight, until my friend was also 1-shot. Because of the cruel survival of The Forest, we both respawned without our inventory at low hunger/water, with broken limbs, and not in our beds (There is no setting new spawnpoints in this game). We both ran back for 5 minutes, and we save scummed to safely get our inventories back. The boss didn't kill us the second time around, although he would have 1-shot us if we did get hit, even though enemies around him took ~6 hits to kill us, evidence to us not being in a late zone.

When we got back, we worked on a base, which uncovered yet another annoying aspect of The Forest: base building. In order to build a base, everything had to first be blueprinted, then constructed with logs acquired from chopping trees. Despite the game being called ""The Forest,"" forestry is this game's second worst mechanic. Every tree took about 15 seconds to chop, and each tree dropped 4 logs, although only 2 could be carried at a time back to the blueprinted base. When I used the log sled, hitting a bit of terrain would recreate a bug similar Skyrim's famous flying giant bug, which launched me into the air and killed me. Anyways, the floor of the base took about an hour for me and the friend to get the logs for, and when we realized we placed our (non-recoverable) rope zip-line at the wrong location, we both collectively decided The Forest is not a fun game.

Also, The Forest has received no updates since 2019. The flying log sled bug has not and never will be fixed, and no official improvements will ever be made for this game. There are at least 138 other bugs mentioned and ignored on the Fandom wiki page. I have not played Sons of the Forest, but I probably never will because of the lack of care given to The Forest(a year after this game released it's ""1.0"" it was abandoned).",1738045227,"downvote",0,0,0,0,0
"76561198171440733",NA,"G3n0t","I LOVE IT",1512639104,"upvote",0,0,0,0,1
"76561198119963663",NA,"ÍπÄÏ†ïÏùÄ","Good game and devs are constantly working on it !",1561891738,"upvote",1,0,0,0,0
"76561198975763951",NA,"N!gga$aurus","a very fun and intriguing survival experience",1673761485,"upvote",0,0,0,0,0
"76561198875430570",NA,"Jonesy","its okey
good",1661357989,"upvote",0,0,0,0,1
"76561198119353454",NA,"Floppy_Skeleton","great cock nice length",1589401334,"upvote",0,0,0,0,1
"76561198390115663",NA,"Mr. Copyright","h",1573674895,"upvote",0,0,0,0,1
"76561198878199304",NA,"Axsn","Took me and my friends a bit to find all the weapons and stuff but it was worth. I loved the end and fighting is really fun especially teaming up with friends to kill the blue armsies and other big monsters etc.",1627664708,"upvote",0,0,1,0,1
"76561199135305939",NA,"Merriix","its a grindy game, and thats not typically the type of games i enjoy, but playing this with a friend helps",1653344301,"upvote",0,0,0,0,1
"76561198155788569",NA,"strugyy_","very funny game when you play it with your friends",1576171261,"upvote",0,0,1,0,0
"76561198028096431",NA,"John_Sapper","Stand alone is ok imo, but be warned that multiplayer is rife with hackers, anti cheat is nowhere to be seen, and your entire work can be blown to pieces by no lifers who spawn tnt all over the place, just because they find it funny. Happened to me EVERY single time i joined a server so its pretty much widespread. My advice> play solo, or play co op only with your friends.",1531413003,"downvote",1,0,0,0,1
"76561198041346218",NA,"Ryder","This is a game like no other, when I came into this game I thought it would just be like every other survival. Just finishing it I needed to come here a leave a review, I'm not going to spoil the ending, but 5 starts all the way.",1485321534,"upvote",1,1,0,0,1
"76561198139863111",NA,"Cypher","[h1]Welcome to a very messy, cannibalistic, fuck of a game.[/h1]

[h1]Story[/h1]
You play as a guy, looking for his son, Timmy. Who was involved with the plane crash. Use any means necessary to survive. Avoid all dangers and look for your son.

[h1]Gameplay[/h1]
It's a sandbox, survival game. Survival Simulator. Good fucking luck. Be alert. Turn on your brightness. Scour through the night. Walk under the starry night sky, with the full moon. It'll feel right being outside, touching horses.",1576504871,"upvote",1,1,0,0,1
"76561199061594078",NA,"No Eden","fucking dwag shit",1601361447,"upvote",0,0,0,0,1
"76561198104955443",NA,"bhalli95","I got an achievement for building a gazebo instead of looking for my kidnapped child. 

12/10 would lose my kid in a plane crash again.",1630503286,"upvote",1,0,0,0,1
"76561199007020933",NA,"GLAMBEE71","yes
",1674903996,"upvote",0,0,0,0,1
"76561198190105642",NA,"cheng123","??????‚Ä∞‚àè‚â†??Œ©√°√©??????√†??√∫√™¬®Ôø†???‚Ä∞‚àè?√™‚àè‚àè√™√†√®?o?‚Ä∞Œ©√º√™√≤????‚Ä∞‚àè‚à´√™‚àè‚àè√™√†√®√™‚â§¬∞√™√∫a?√°??‚àè?‚Ä∞‚àè‚â†√™?√°?o?√™a?‚Ä∞a???o?√°Ôø•??Œ©?¬ß?‚Ä∞‚à´‚à´√®√©Œ©?√∫?√°√©?√™√∫a‚Ä∞‚àè‚â†√™?√°√°??√®√π?√™‚â†Ôø°√°a√†?o????√™?√∫√™‚àè‚àè√™√†√®?o??√®?????√©Œ©?Ôø†????‚Ä∞‚àè‚â†√™?√°√®?a√®¬∞œÄ√™√†?√™√©‚â•?√®?‚Ä∞a??¬ß??¬ß?√™√®√™??√°√™‚àè‚àè√™√†√®√°??√®??√®√°?In fact, China game player love this game, but because the game does not own Chinese, resulting in a lot of people are playing a Chinese non genuine; if the game developers can add Chinese options I think can greatly enhance the game sales",1476860766,"upvote",0,0,0,0,0
"76561198255369837",NA,"WillyBoi_333","average walk in the woods in florida.",1657638698,"upvote",0,0,0,0,0
"76561199070187495",NA,"Santal bandit.gg","I rather enjoy dispatching foes, you see. A splendid game, indeed!",1669914673,"upvote",1,0,0,0,0
"76561198324146119",NA,"Sky","EPIC",1625765580,"upvote",0,0,0,0,0
"76561199094857884",NA,"wxc.pluto","fun to play with ur friends",1664599599,"upvote",1,0,1,0,0
"76561198158008144",NA,"Dwight D. Eisenhower","This game takes place in Washington after ""The rising"". A event in which Arizona Tea goes from 99 cents to $1. The world will never be the same.",1657219119,"upvote",0,0,0,0,1
"76561198010298847",NA,"The Drink","its a really fun game so far, its not scarry you just get a sense of paranoia. just grab stuff out of the airplane and run",1402242806,"upvote",1,0,0,0,0
"76561198327168396",NA,"Baseballplr5","yes
",1585501735,"upvote",0,0,0,0,0
"76561198144093019",NA,"Sargento Maionese","_",1638216266,"upvote",0,0,0,0,0
"76561199013017384",NA,"Shmoe","One of my favorite games of all time with incredible survival mechanics. The monsters and lore in the game is disturbing and unique compared to any other horror survival game I have seen. Makes for a great play through with friends and i can't wait for the sequel.",1636935169,"upvote",1,1,1,1,1
"76561198874833474",NA,"sady","Good game, have sex",1637692722,"upvote",1,0,0,0,0
"76561197973402285",NA,"ShadowPh0x","Great game. Has come a long way and the devs have done solid work fleshing this out. Only gets better and I can't wait to see what they come up with in the future. Well worth the 15 bux.",1513119739,"upvote",1,0,0,0,1
"76561199142905951",NA,"Starboy79","THIS GAME HORRID",1728353908,"downvote",0,0,0,1,0
"76561198046953574",NA,"fMr","nice",1542905060,"upvote",0,0,0,0,0
"76561198965610049",NA,"mao","oWOowo",1606608282,"upvote",0,0,0,0,0
"76561198042096492",NA,"Cami","yea its ok",1669407022,"upvote",0,0,0,0,0
"76561198881195549",NA,"Fetch","gut",1618248953,"upvote",0,0,0,0,0
"76561198901936369",NA,"liganguliguli","fun to play with friends :D",1584097518,"upvote",1,0,1,0,1
"76561198119791214",NA,"Oxidice","Absolutely amazing game especially for one so new, spent half an hour sitting on a coral reef in the water throwing molotovs at evil cannibals trying to eat me while my friend yelled at me for getting him killed 10/10",1467075631,"upvote",1,0,1,0,0
"76561198125230394",NA,"ShOoTeR.#","Very good game",1402862183,"upvote",1,0,0,0,0
"76561199061712541",NA,"human noob tube","everything",1593898320,"upvote",0,0,0,0,0
"76561198222546212",NA,"Beetlejuice","Good game",1724185568,"upvote",0,0,0,0,0
"76561199074223984",NA,"Unsalted Diarrhea","fantastic simply phenominal",1655555648,"upvote",1,0,0,0,0
"76561198219444747",NA,"elected official","a physical engine for the bounce of a fatty fat cat on the floor, fantastic!",1486089415,"upvote",1,0,0,0,0
"76561198871316371",NA,"George Greene","Great game",1618336045,"upvote",1,0,0,0,0
"76561199088402426",NA,"KillaWantsToDivideCheeks","loved the game beat it twice",1669334692,"upvote",1,0,0,0,0
"76561198852821172",NA,"ian.molnar87","great!",1686187407,"upvote",1,0,0,0,0
"76561199683090444",NA,"ncpdbhayes","the game is really fun but hard and scary but i recomend you play this game.",1715221892,"upvote",1,0,0,1,0
"76561198216185789",NA,"kŒ±k√≠hŒ±rŒ±","Ai enemy are super cool and their behaviour varies from time to time, the melee too are awesome but i found that there are not many things to craft compared to other survival games out there, it is so simple yet that is why it keep bringing more players & being so friendly to newcomers. Besides there is only few games out there that provide color grading option to choose from, but this game is one of them.",1638864311,"upvote",1,1,1,0,1
"76561199083611400",NA,"Teng","..... noice",1735198261,"upvote",1,0,0,0,0
"76561199095591225",NA,"ashley.bernhard16","I love getting slapped around by Virginia's legs on the reg",1682816837,"upvote",0,1,0,0,0
"76561199025663685",NA,"Davidoff Marlborodi","This game portrays everyday life in boy scout camps",1618597461,"upvote",0,1,0,0,0
"76561198181648733",NA,"Paka$","Gives me the creeps at all times!",1471907373,"upvote",0,0,1,0,0
"76561199384076804",NA,"schmem27","i will eat a tablespoon of ketchup water for every like this gets",1723679091,"upvote",0,0,0,0,0
"76561198448294532",NA,"fiveteensensei","Game survival yang cukup bagus untuk dimainkan bersama teman, tapi sayang dibeberapa moment atau dibeberapa titik itu bisa menyebabkan kita motion sickness terhadap grafik dan pantulan cahaya yang tidak akurat, Sisanya 9/10 !",1609408066,"upvote",0,0,1,0,0
"76561198176486615",NA,"neL√∏","+Very good co-op game
+fun to play
+you can build everything you need
+so much advencure
-bad for playing alone",1512165501,"upvote",1,1,1,0,0
"76561198855725625",NA,"AraAraSUU","Lots and lots of dead babies",1689730278,"downvote",0,0,0,1,1
"76561198066852352",NA,"Audrey","I can do illegal logging",1644124537,"upvote",0,0,0,0,0
"76561198153733863",NA,"RIHAY","good game
",1618973752,"upvote",1,0,0,0,0
"76561199149542368",NA,"Rosieisuposie","fun kinda creepy good time killer has multiplayer",1683323902,"upvote",1,0,1,1,0
"76561198303912125",NA,"Zozo","good",1517617506,"upvote",1,0,0,0,0
"76561199187458611",NA,"Gypsy Crusader","Najjaca igrica",1700792319,"upvote",1,0,0,0,0
"76561199274021044",NA,"Lazr","I love the women in this game",1661898629,"upvote",0,1,0,0,1
"76561198140675573",NA,"Eucharistica","Nice story + gameplay, worth to buy",1626719355,"upvote",1,1,0,0,0
"76561198059036789",NA,"Gooseyyy‚Ñ¢","fun but very spooky game 10/10",1582097207,"upvote",1,0,0,1,0
"76561199721741628",NA,"gingerbreadbro","very good very nice",1721992235,"upvote",1,0,0,0,0
"76561198830112918",NA,"HorsePlay","Love this game so much, own it on my other Steam account aswell but bought it again so I could play it with friends! We made sure it was only the scariest and funniest moments if anyone is interested in watching!

https://www.youtube.com/watch?v=L64FHJy3e_U",1533651057,"upvote",1,0,1,0,0
"76561198216630047",NA,"Pops","Best open world survival game I have ever played. To badass not to buy!",1489855915,"upvote",1,0,0,0,0
"76561198256902179",NA,"Ryan Gosling","Deforestation",1601831116,"upvote",0,0,0,0,0
"76561198078038295",NA,"WEEDMASTER69","OH WOW",1630857650,"upvote",1,0,0,0,1
"76561198298480022",NA,"terrakotta","it's terrifying to play by yourself and a totally different and fun experience if you can get your friends to play with you, i thoroughly enjoy this game either way, 9/10",1602750661,"upvote",1,0,1,0,0
"76561198126004782",NA,"becerraj86","It keeps froozen on loading screen been trying eveyrthing and still not working, what can i do help?",1402764722,"upvote",0,0,0,0,0
"76561199101960392",NA,"katymtl","I just finished the game. I really liked The Forest, but I liked Sons of the Forest even more. I???ll miss the atmosphere, the goal, and the creatures. Hoping for a sequel to both games. Some frustrating bugs while playing but still enjoyable.",1731902330,"upvote",1,1,0,0,0
"76561198973873993",NA,"JinxiePixie","FUN",1672027053,"upvote",1,0,0,0,1
"76561199017146698",NA,"StrungKav3","It's a great game and the graphics are wonderful.",1595625689,"upvote",1,0,0,0,0
"76561199024118558",NA,"Atama","great pacing",1593378710,"upvote",1,0,0,0,0
"76561199122791190",NA,"Skaii","Games map is very big with so many different caves and camps and what not to explore. And not to mention the amount of things you can tinker with and craft is limitless. Playing with friends is also a must because you guys can build a base together and it makes it a lot more fun fighting the monsters.",1641788678,"upvote",1,1,1,0,0
"76561199229693020",NA,"simqsamurai","its an amazing adventure game i love the concept and its really easy to get the hang of",1642007143,"upvote",1,1,0,0,0
"76561198317133566",NA,"robbie","You basically just run from naked people. 10/10",1652761110,"upvote",0,1,0,0,1
"76561198337996220",NA,"luckyduckfarmer1","VERY ADDICTING",1606927019,"upvote",1,0,0,0,0
"76561199196322301",NA,"5foot5Guy","nice",1638746413,"upvote",1,0,0,0,0
"76561199143743224",NA,"sigma boy","its shit but once you play it gets good playing with friends is fun but dont play by yourself
",1677459905,"upvote",0,0,1,0,1
"76561199150870499",NA,"Xeon","good
",1725806104,"upvote",1,0,0,0,0
"76561199527493486",NA,"Dexter Morgan","fun
",1712925289,"upvote",1,0,0,0,1
"76561198219647209",NA,"Frog Magician","Jesus christ this game is so good.",1583065023,"upvote",1,0,0,0,1
"76561198071923254",NA,"Nick","Fun game if you have friends to play with you.",1484596075,"upvote",0,0,1,0,0
"76561198798886564",NA,"WrongB STALKER","Wery good GAME !",1528393718,"upvote",1,0,0,0,0
"76561198071457423",NA,"Aksxell ‚òÖ","this games is quite a glitchi. but when it doesn't gltich its kinda cool game to play",1406665941,"upvote",1,0,0,0,0
"76561198422740989",NA,"hydra","niceu",1672966812,"upvote",1,0,0,0,0
"76561198067140130",NA,"HE11SWINTER","[h1] A great game[/h1]

A game to not miss, the game made by an indie studio that despite being a bit sketchy and time consuming in parts just makes you want more. the lighting effects etc are very off. but the fear is spot on.
Being stalked by cannibals or being stupid enough to hunt them never leaves you with a resting heart rate. a fantastic game all round, look past its faults and you have a gem.",1675986480,"upvote",1,0,0,0,1
"76561199120903080",NA,"Mr. Para","You can get freaky with the canibals.",1736010754,"upvote",0,0,0,0,0
"76561198073048042",NA,"Icicleman","If it moves, kill it.",1525211267,"upvote",0,0,0,0,0
"76561199065047700",NA,"Gerald","approve
",1625151913,"upvote",1,0,0,0,0
"76561198845506810",NA,"StJimmy","Must murder",1605053835,"upvote",0,0,0,0,0
"76561198263028070",NA,"Brenne ;)","nice
",1608701365,"upvote",1,0,0,0,1
"76561197989611402",NA,"Bone Detector","So much more to this game than what I expected.  The mystery of the island is engrossing, and unfolds with a slow burning tension.  The AI is fantastic in the way that it stalks you, prods you, intimidates you, and traps you.  I found myself making my own maps and building multiple bases for peace of mind in case I got stranded somewhere strange when night fell.",1585784746,"upvote",1,1,0,1,0
"76561199129571050",NA,"yoinky","broooooooo dude why did my tree house blow upp",1671724602,"upvote",0,0,0,0,1
"76561198069081632",NA,"Sherphen","Certainly one of the better building survival games. It does have it's fair share of bugs, none game breaking just a bit annoying. Not for the faint of heart, it's a bit spooky especially if you're in one of the game's many caves.",1630164702,"upvote",1,0,0,1,1
"76561199018461209",NA,"GhostBlanket","cvghk",1684758011,"upvote",0,0,0,0,0
"76561198039324027",NA,"Not Brock","incredibly bad",1614372563,"upvote",0,0,0,0,0
"76561198187303786",NA,"ANGEL√òX¬∑√ê3v1L","First of all, this is NOT a survival game. It is more appropiate to define this as a horror story game with survival elements.

[hr][/hr]
Though I don't use to make long reviews, this time I'm making an exception.

[h3]Attention:[/h3] [u]Next, you will find some spoilers, so discretion is advised[/u]:

[b]Things I liked it[/b]
[list]
[*]Death mechanic: when you die by enemies (mainly) you don't watch a boring screen telling you which it's obvious. Instead, cannibals bring you to a cave where you can get back to game.

[*]Continuous threat: you can feel it in game everytime, because you are expose to encounter multiple enemies unexpectedly. And this is great!

[*]Unlike surface, caves can be clear of enemies so they won't respawn again (with some exceptions).

[*]Great atmosphere.

[*]Some curious items, like the cassette player.
[/list]

[b]Things could be better[/b]
[list]
[*]Game performance.

[*]Some bugs in game, and this is a 2018 game (final version)...

[*]Infinite loot, especially when you enter caves multiple times. This ""break"" a bit the ""survival experience"".

[*]No death penalty: if you die, you don't lose anything from your inventory, at least on singleplayer mode.

[*]If you are under attack, you can save and exit game to wipe the enemies. XD

[*]Construction is pretty basic: you just can build, but there is not option to remove structures (you have to destroy it), to change position, upgrade it, not even to recover some materials after destruction (no deconstruction).

[*]Light items can't be turned off, you need to destroy it, even the campfires!

[*]Despite of the expensive material requirement of some storage construtions, some of them have a poor storage capacity, and they take up too much space.

[*]Multiplayer is a pain (cheaters who ruin the game experience, or lack of active rooms).
[/list]

Anyway, I recommend to play it.",1711356656,"upvote",1,1,0,1,0
"76561198116723625",NA,"JCOpars","Good game, fun when playing with friends 10/10",1609593713,"upvote",1,0,1,0,1
"76561198027829003",NA,"Girthquake","Okay I'm going to start off by saying that this game is really buggy but if you can look past that, what you will find is a solid survival experience, that is similar to don't starve in execution, although there isnt a sanity mechanic or any magic of sorts like in Don't starve. It makes up for that in the horror elements, But now for the problems with the game.

The Forest has a lot of problems, there needs to be Tweaks to the AI to make it respond to player behaivor better, There needs to be better progression with the tools the stone axe being essentially the same as the plane axe excluding the ability to block attacks, the rusty axe is easliy duplicated just by switching to something else. The flare gun has infinite flares and it makes you essentially invincible. The spider mutants are immune to the bombs and resist fire. and thats about it for this review if i were to give it a score it would score about a 8/10 with me.",1404581711,"upvote",1,0,0,1,0
"76561198067751945",NA,"CharlieE433","Yes I do recommend this game, its brilliant!",1401482754,"upvote",1,0,0,0,0
"76561198844563821",NA,"DeadManWalking","Great game.. Love the mechanics and the way the game is played. Suggest playing with a few friends..",1574380505,"upvote",1,0,1,0,0
"76561198367902327",NA,"la muerte","yw",1646609266,"upvote",0,0,0,0,0
"76561198252241886",NA,"Kapitula","Masaker",1674333150,"upvote",0,0,0,0,1
"76561199078989954",NA,"Darkezeo","its hard at the start but once you learn the mechanics youll be unstopable
",1653128094,"upvote",1,0,0,0,0
"76561199065351064",NA,"Nic0","Good shit
",1627270495,"upvote",1,0,0,0,0
"76561198311053777",NA,"raft","it nice",1578492173,"upvote",1,0,0,0,0
"76561199085516339",NA,"Cmd3r A","Great game!",1619234709,"upvote",1,0,0,0,0
"76561198122847750",NA,"Lucastigou","good",1653726610,"upvote",1,0,0,0,0
"76561199096434975",NA,"nicki the man","one of the best game i have play in a long time",1730559655,"upvote",1,0,0,0,0
"76561198039580505",NA,"√ê√É–Ø–å≈¥ƒ¨≈¶ƒåƒ¶Œ≤≈Å√É√êƒò","A fairy good game Still need a little imprvemants",1441731539,"upvote",1,0,0,0,0
"76561198011297007",NA,"QcMetalHead","when i bought the game and first tried it, i thought it was awsome and made a positive review about it
but shortly after i realized that the game is actually BORING
graphically its awsome, the potential of the game is great, but even tho the game has everything to be awsome, it is just plain boring
and NO its not because its in alpha state, it is just BORING point. they may add plenty of stuff to craft, it wont change the fact that nothing happens in this game besides some indians or whatever that attack u once in a while and its just anoying...not scary not entertaining...just annoying and boring",1402147307,"downvote",1,0,0,0,0
"76561198004702169",NA,"Deep Space K9","Abandoned (in terms of bug fixing) and filled with critical problems. The dedicated server is nothing but a headache and a source of constant problems. While the premise is fun and the gameplay follows a familiar cycle, invincible trees, carts that glitch out and fall through the world permanently, maps randomly resetting themselves, and more, completely ruin the experience. I cannot recommend this game. Hopefully the sequel will have less problems, but this team could end up repeating the same mistakes. They haven't given us good reason to place our trust in them, as they have left this game in a broken mess. A true shame and lost potential.",1613045463,"downvote",0,0,0,0,1
"76561199190269016",NA,"bandith","naked woman ran at me and i was scared
Why should I save my son?
I can get another from a naked woman",1677218761,"upvote",0,0,0,0,0
"76561198892629892",NA,"aurelklot","yes",1698971360,"upvote",1,0,0,0,1
"76561198919652395",NA,"guy fieri flavortown sauce","one of the best games ever made",1641087676,"upvote",1,0,0,0,1
"76561199112755603",NA,"youngnazers","its lit
",1631478145,"upvote",1,0,0,0,0
"76561197986020026",NA,"CaptainHugeLoad","got this game because there are limited number of VR co-op games, and this delivers.

At first thought it was just another generic survival game, but this game is the definition of the iceberg meme. It's fun, scary, atmospheric with a great story, and isn't just a sloppy VR port. 10/10 worth the buy, especially if you have a VR",1655877062,"upvote",1,1,0,1,1
"76561198830422572",NA,"coidboi","I love this game so much. Literally can play for hours at a time and not run out of things to do",1600276971,"upvote",1,0,0,0,1
"76561198138835837",NA,"quadman444","i like it but you should start with a math
",1500914613,"upvote",1,0,0,0,1
"76561198355279981",NA,"MAKO","great game",1620334646,"upvote",1,0,0,0,0
"76561199109724904",NA,"RYUGABOYZ","TheBest",1737193046,"upvote",1,0,0,0,0
"76561198116429288",NA,"Don Rickles","This is a very fun game! The building and the suspense from surviving against cannibals and also the mutants! I would highly recommend getting this game with friends. Playing with friends makes the game a lot more fun in my opinion.",1468120202,"upvote",1,1,1,1,0
"76561198234079008",NA,"6LustLord9","good shit",1653401763,"upvote",1,0,0,0,0
"76561199534900971",NA,"Kebun","haha spider girl go boom",1730532225,"upvote",0,1,0,0,0
"76561198083034743",NA,"PlayboiCarti","Good survival game to say the least.

It has loads of bugs to be honest,and it can get a little bit flustrating as i write this review after being killed 2 times in a row because of the cannibals hitting bugs.So you have to take it easy and calm.It's a good thing they introduced peaceful mode with the last update(0.03),and if you are new to the game i recomend playing on that mode and build a good base and some traps as they now come in a larger number than before.Speaking of a base the game construction system is unique and perfect as it is(i hope they will put more types of houses in future as they are only 4 now with the house boat that can't be built) and the trees chopping system will never get old :) Another thing that i hope they introduce is more animals that you can hunt instead of rabbits,lizards and fish,you are in a Forest why only so little variety of food you can gather? Another thing that i don't like is the way that cannibals are in this stage they really need to improve the way that they react and attack you.

I recomend this game to anyone that wants to be a survivor,it is a relaxing,fun and entertaining game if you play it on peaceful or even normal [spoiler] and when cannibals are cannibals not bombs that trow you 100 meters in the air. [\spoiler]",1404588569,"upvote",1,1,0,0,0
"76561198221824504",NA,"‚Ñ¢Les Goh","please use better graphic cards guys",1645909652,"upvote",0,0,0,0,0
"76561198997706963",NA,"AlexCB","The Forest looks brilliant",1669443490,"upvote",1,0,0,0,0
"76561199098075712",NA,"gimmehead","the only bad thing is that when you die you die unless you dont fall into a huge pit",1638842636,"upvote",0,0,0,0,0
"76561198068198438",NA,"TheIonBull","Playing with friends and this is fantastic. Playing solo and your sadistic but I respect that",1661035146,"upvote",1,0,1,0,1
"76561198865243581",NA,"spidabenz","very fun with friends. just don't use hacks. 10/10.",1666751979,"upvote",0,0,1,0,0
"76561199122362542",NA,"Cicero","pog",1623692175,"upvote",0,0,0,0,1
"76561198294697122",NA,"Bhagwa Hajmola","Gave me shit ton of nostalgia but the only problem is that singleplayer isnt as enjoyable as coop.Singleplayer is still pretty good but i would recommend playing with a friend",1529413460,"upvote",1,0,1,0,0
"76561199138874120",NA,"ladyaholthaus","GULPPPPPP",1703726786,"upvote",0,0,0,0,0
"76561198826580014",NA,"Balisticon","g",1630031687,"upvote",0,0,0,0,1
"76561198146611594",NA,"Koalaa","Very good graphics and one of the best story's ever. If you want to play a survival alone or with friends, would recommend 100%.",1600626208,"upvote",1,1,1,0,1
"76561199071541219",NA,"SpeedDemon","It's a pretty good game just dont get too scared",1645134309,"upvote",1,0,0,0,0
"76561198856666589",NA,"Bricheta agentul tau imobiliar","the best survival game <3",1636845679,"upvote",1,0,0,0,0
"76561199031826226",NA,"hillo6243","good monkey",1613010556,"upvote",0,1,0,0,0
"76561199081054569",NA,"TTE","6 bosses in 3 days, 5 spiders 1 big bulky man",1724695545,"upvote",0,0,0,0,0
"76561198966385707",NA,"kfcandkoolaid","too colddddd",1710974762,"upvote",0,0,0,0,0
"76561198255855965",NA,"Wyatt On Saturn","100% great game to play with friends it was pretty fun to play",1577989643,"upvote",1,0,1,0,1
"76561197993564031",NA,"I Have Coffee Poops","Picked up a rock and it gave me a flare  gun.

10/10",1401751534,"upvote",1,0,0,0,0
"76561198122130307",NA,"LilNjiN","Fantastic EA game with lots of potential. Needs a proper cheat system/consolecommand for resources to not only make the game fun, but also people will be able to find bugs quicker. I have plenty of ideas for crafting on the game, but with how long it takes to chop down trees/blow them up/glitch/etc. Im discouraged from playing much more with my playstyle and I speak for more than myself saying this. Game is currently too focused on gathering resources, thats the main thing to do in this game. Therefore nobodys going to find combat glitches or in depth building glitches that you would if people could just play the game in a debugging mode for example, theres already different modes for different playstyles so why not add a godmode or whatever you want to call it. Think about people who just get into the game and try to decide if its a keeper or a refund. Most of your first hours in game will typically be building stuff, you most likely won't explore much in the time it would take for a refund to become invalid. Therefore newcomers are of course scared of a 2+ year old game STILL in alpha with all the moneygrabs coming from EA. The graphics are crazy good for a $15 game, same can be said about AI even if it were a $60 game. Great online, hit detection, and some bugs can be avoided. We just need a little more freedom guys.",1470236502,"upvote",1,0,0,0,0
"76561198073374764",NA,"Trash","Basically starts out like the show Lost.  Plane goes down, nobody has seatbelts on because they live dangerous.  Plane snaps in half, but you're such a badass you are the only survivor and you're doing pretty damn well.  A blue electric guy comes and takes the kid next to you while you stare at him, but you stay silent, because Social Darwinism is life and you are going to amount to more than that child would have.  You wonder around hopeless and ravage through people's luggage because when sh** happens, common sense goes out the window.  You run aimlessly with an axe and kill a few monitor lizards because wherever you are, they are abundant.  Soon after, a little bronze person appears and stares at you, naturally you're instinct in unrealistic situations is to kill him.  He hits ya once or twice and you are knocked out because you just 'cant even'.  You wake up in a cave in which an Octo-lizard is giving birth and the babies kill you. Days survived: 0
10/10 overall.  Would absolutely recommend to everyone",1419999132,"upvote",1,0,0,0,1
"76561199251666735",NA,"H.757","this game gives you depression",1708967525,"upvote",0,0,0,0,0
"76561199207131515",NA,"raYman","very very very shit",1695206217,"upvote",0,0,0,0,0
"76561199207768588",NA,"bouvier.ij","fun game but a little hard when its the first time you played the game and have never seen a play through so you have to figure things out for your self and as the days go on more and stronger cannibals come and attack you so its even harder to explore and figure everything out. but either then that its an amazing game and good story.",1642444639,"upvote",1,1,0,0,0
"76561198168771391",NA,"SuperZhu","ËâØÂøÉÊ∏∏Êàè„ÄÇÂÆâË£ÖÂåÖÊ≤°Ë∂ÖËøá1G„ÄÇÊïàÊûúÂç¥ÂíåÊñπËàüÂ∑Æ‰∏çÂ§ö„ÄÇ‰ºòÂåñÂ•ΩËøõÂú∞ÂõæÂø´„ÄÇÂâßÊÉÖÊúâÂÜÖÊ∂µ„ÄÇits a good game.",1486369320,"upvote",1,1,0,0,0
"76561198152955827",NA,"Cooter Scooter","great game
",1576432044,"upvote",1,0,0,0,0
"76561198300841588",NA,"Wammy","Game is alright, buy on sale. A requirement is for you to have a mouse-and-keyboard/controller; I tried playing it without them but my computers wont work, kinda weird.
If you enjoy the horror aspect more in games then it is recommended you play it solo; if you are looking for a game to spliff some ganja on wiff da homies while playing, having fun and screaming as you run away from generic cannibals then this might do the trick!

Honestly only writing this review so I can find out how many hours I got on this since it just disappeared from my played games listing, definitely do not listen to what I'm saying; find some other review. Or just go outside or something, people be looking worse than the mutants in this game nowadays.",1608833348,"upvote",1,0,1,1,0
"76561198385746974",NA,"IamFiery","Well worth 14.99. This game has great potential and I can't wait to see the finished product. Give the game a try if you like survival games. Very well done.",1495207688,"upvote",1,0,0,0,0
"76561198108248207",NA,"Roberto Musso","I can't really enjoy this game as many  of you do, or as you see on a YouTube Channel. But with my 15/20 Frames Per-Second i can say that i LOVE This game, Every update gives you more difficulty, Challenges, ""Objectives"" (Like, ""I WANNA TRY TO MAKE A TREE-HOUSE WITH A BIG WALLS!!!""), Etc

I know that sometimes it can be annoying to loose all your stuff because of an Update... But you have too many ways to save your map/game... (Simply make a back-up of the map, Don't update the game or Modifications (MODS))

I can't say much, Just. BUY IT!
",1427138013,"upvote",1,0,0,0,1
"76561198029972041",NA,"Kroymk de Yoitsu","still feel unfinished",1561819025,"downvote",0,0,0,0,0
"76561199134909893",NA,"no1","canaballs are naked and oiled up waitng for you in the bed room",1717353386,"upvote",0,0,0,0,0
"76561198081008128",NA,"hatalmasfaszu janos","The Forest is a perfect example of what Early Access should look like (and especially pleasing for a Unity game), often updated in a manner that consistently adds more content to the game alongside numerous bug fixes, excellent execution of updates by their deadlines for as long as the mind can remember. Even in its currently unfinished (as of posting) form, this game has everything necessary to be a full game, but it wont be dropped there. Plenty of exploration, plenty of crafting and collecting, building, and so much more.

Honestly a 10/10 from me, I'll see to adding detail to this review at a later time.",1512297739,"upvote",1,1,0,0,0
"76561198102506919",NA,"thrawn4all","A very fun survival game, especially if you play with friends.
Nice atmosphere (weather etc.), solid crafting (but not too much) and a mystery to solve.
We finished after 39 hours, and I am stunned.",1647111954,"upvote",1,0,1,0,0
"76561198053647103",NA,"GrauBlitZ","LOST with cannibals",1625076407,"upvote",0,0,0,0,0
"76561198074523554",NA,"FlappableCrab","Outstanding game, full of exploration and fun, slight bugging game play in parts but didn't ruin the game.
will be playing through to try and get all achievements.",1595152655,"upvote",1,0,0,0,0
"76561198840057106",NA,"nope","not that fun for me honestly. I'll be refunding it.",1625835784,"upvote",0,0,0,0,0
"76561198043258018",NA,"DrFeelWorse","""A unique, horror-survival experience with some interesting features on building structures.""",1418504739,"upvote",1,0,0,0,1
"76561198294124876",NA,"Islandj","Awesome game, so much fun with friends. Too bad it seems to be abandoned.",1561836778,"upvote",1,0,1,0,0
"76561198805374692",NA,"Flavor_Town","Very fun when you know what your doing, best to have friends not just randoms. (Friend bought game for me)",1672811928,"upvote",1,0,1,0,0
"76561199209697948",NA,"mitehh","nice game
",1735240734,"upvote",1,0,0,0,0
"76561198954252715",NA,"Abracadabra","mid game",1659734734,"upvote",0,0,0,0,0
"76561198090027880",NA,"Mayonnaise","Great game. Cannibalistic fun for the whole family",1640720371,"upvote",1,1,0,0,0
"76561198023821379",NA,"Pegmode","This is easily the best survival game I've played. Extremely unique and rewarding. I wouldn't recommend reading anything about this game and playing it completely blind.",1673845502,"upvote",1,0,0,0,0
"76561198399918662",NA,"QuintardFigglebottom","Very fun to play with friends",1624939914,"upvote",0,0,1,0,0
"76561198842673860",NA,"luizplay013","This game is simply wonderful!!!! Naked people trying to kill me, so incredible",1735261806,"upvote",1,0,0,0,0
"76561198128441111",NA,"Big Peanut Grug Nut","I like pretty much every aspect of the game. However, there is one large problem. The game is full of glitches. When I finally reached the ending boss (with my friends), I was teleported away from the fight scene and into the obelisk. I was stuck inside the obelisk and I could not move or get out. I missed the ending because of this and I am very disappointed. This has also happened in another circumstance: while entering caves. In this situation I teleported out of the surface and into some void. This has also happened to another friend of mine.",1588981936,"upvote",1,0,0,0,1
"76561198332013831",NA,"Kopiko","If you love open-world survival with friends? I highly Recommend this game. THIS GAME IS So fun and creepy, and I would not recommended this for children.",1630333754,"upvote",1,0,1,1,1
"76561198827016865",NA,"Swag","m",1609133237,"upvote",0,0,0,0,1
"76561199058405826",NA,"Alagator19@","AMAZING SO FUN! lots of cool crafting and amazing features I really recommend this game I bet you will have so much fun! Shh dont get scared",1619947456,"upvote",1,0,0,1,1
"76561198105539917",NA,"Lesbian Opossum","Now that the game has a completed story,  my review can be better than what it was. While I personally found the story to be a little lack luster, it still had some charm within its eerie moments. The cannibals are a unique enemy that brings a tinge of fear when you begin playing the game, especially when you're alone. However, in multiplayer, the cannibals are not scary, they are annoying, and the big mutants are nothing. Perhaps the AI can be tweaked, and maybe some more monsters? All that said, the game is still fun, if a bit tedious later-game.",1424025843,"upvote",0,1,1,1,1
"76561197963700814",NA,"Gorrik","Pretty fun with friends. Lots of crafting, gathering, defending, and exploration",1656279554,"upvote",1,0,1,0,0
"76561199206289624",NA,"Spongboy Gaming","i hate them tree people",1660410913,"upvote",0,0,0,0,0
"76561199078566681",NA,"Micaw","This game is horrifying but somehow made me enjoy it",1626323185,"upvote",1,0,0,1,0
"76561199186401814",NA,"Fun Police",":) make me happy",1659854105,"upvote",1,0,0,0,1
"76561199014783258",NA,"Shockwave","It's just a great game all around.",1673732949,"upvote",1,0,0,0,1
"76561198152441686",NA,"maniax","Deforest(ation)",1682600229,"upvote",0,0,0,0,0
"76561198020047416",NA,"TheDevilUNo","This game is SO good! I didn't have any expectations, but now I'm absolutely hooked! It's been a long time since I've enjoyed a game this much!",1727954464,"upvote",1,0,0,0,1
"76561198009347258",NA,"Cberg8866","I'm not big into survival games, but I love this one, can't wait for the sequel",1611823622,"upvote",1,0,0,0,1
"76561198852168274",NA,"Cap'n Cook","Tek sefer oynamal?¬±k oyun ilk oynad?¬±?√º?¬±nda her‚âà√ºeyi yap?¬±can sonra bi‚âà√ºey yapas?¬±n gelmiyor ilk oynad?¬±?√º?¬±mda in‚âà√ºaat m‚àöohendisi gibi i‚âà√ºler ‚àö??¬±karm?¬±‚âà√ºt?¬±m sonras?¬± gelmedi hileyle lobilerde gezdim miss gibiydi o zamanda",1574275786,"upvote",1,0,0,0,1
"76561197991302642",NA,"Silverpoes","Awsome game! You gotta play it in VR!
I played about 5 hours normal and changed to VR and man what a difference, so much more immersive.
Holding the katana, jumping in the ocean is scary as hell.",1615478006,"upvote",1,1,0,1,1
"76561199229092285",NA,"soofy","great survival game to play with friends and amazing story",1675856727,"upvote",1,1,1,0,0
"76561198059155899",NA,".Antho","Them bitches gon' EAT ME",1409507016,"upvote",0,0,0,1,0
"76561198245061934",NA,"Baconpopsicle","i love to get lost in the forest.",1480109032,"upvote",1,0,0,0,1
"76561198108302347",NA,"[PBS] Oxygen-Di-Hydrogen","great story",1544941607,"upvote",0,1,0,0,0
"76561198278652233",NA,"ringedstingray","I be cumming on da monsters",1613427401,"upvote",0,0,0,0,0
"76561198271361391",NA,"Henkes √Ñnglar","gabbe suger balle",1619702517,"upvote",0,0,0,0,0
"76561198983364290",NA,"south","canabalism
",1610228680,"upvote",0,0,0,0,0
"76561198247886320",NA,"Binky","good fucking game man creaters need some big money for this",1593518606,"upvote",1,0,0,0,1
"76561199092115670",NA,"slepa CS.PRO","when you play it more it becomes booooooooooooooooooooring
",1651328580,"downvote",0,0,0,0,0
"76561198013790683",NA,"AncientGatekeeper","[b] Review was originally written whilst the game was still in early access on November 22nd 2017. [/b]

Have you ever wanted to:
[list]
    [*] Build a massive encampment solo or with your friends?
    [*] Scavenge resources to protect yourself in the unknown?
    [*]Eat a fellow human? [i] Sarcasm included. Don???t do this [/i]
    [*] Feel like Samuel L. Jackson in [i] Snakes on a Plane [/i] while fighting mutant creatures?
    [*] Survive an epic plane crash?
[/list] If you answered yes to the following questions, then this game is for you!",1511383523,"upvote",1,0,1,1,1
"76561198833541333",NA,"Bakla√Ö¬æ√É¬°nek","very good",1669303848,"upvote",1,0,0,0,0
"76561198319764451",NA,"HotWyre","very cool",1734215160,"upvote",1,0,0,0,0
"76561198007664683",NA,"brocku","i pooed when women with honkers killed me",1548481821,"upvote",0,0,0,1,1
"76561198364083292",NA,"-Namiyume-","sorry guys i forgot to turn on air plane mode, but this forest is nice, i wonder if the locals are nice",1610594476,"upvote",1,0,0,0,1
"76561199222795092",NA,"Geekzzy","mike",1652861366,"upvote",0,0,0,0,1
"76561199114248917",NA,"ScollyDaLolly","You got to love the chicks in this game, put them on a pole and you are set. 
Love it! 11/10",1668617671,"upvote",1,0,0,0,1
"76561198129033332",NA,"Minty","The game is great its scary i wish i play it more than do cause this game is just one hundred precent awesome and 100% scary",1491747030,"upvote",1,0,0,1,1
"76561198358006000",NA,"AlcaTraZ1518","Better with friends!",1701532234,"upvote",0,0,1,0,0
"76561199024277251",NA,"King Von's Disciple","scarie game definitly recamend bilding cabin so gud :bartenderlmr:",1683273876,"upvote",1,0,0,1,1
"76561198399889569",NA,"totz","the forest",1666807285,"upvote",0,0,0,0,1
"76561198038552254",NA,"Gold Man Mask","Best realism-leaning sandbox survival game I've played. I'm not normally into horror games but I managed to play this one with a group of friends - and it was definitely worth it. Cue hilarious glitch builds and endless jump scares. 

and the glitch jumping has a learning curve.",1594756343,"upvote",1,0,1,1,1
"76561199106204092",NA,"Vars","If you like adventure and horror games i 100% recomend",1630814156,"upvote",1,0,0,1,0
"76561199154484207",NA,"√£¬É¬á-( √ç¬°√†¬≤¬•√ä¬ñ√å¬Ø√†¬≤¬•;)'\_XXXX","Its A forest",1687413010,"upvote",0,0,0,0,1
"76561199495746203",NA,"27 mordad","Timmy forgive me",1727724809,"upvote",0,1,0,0,1
"76561199231481115",NA,"Turtle_boi","The ppl i was playing with created a dystopian government and our leader only ate legs, fun time",1717784979,"upvote",1,0,1,0,0
"76561198006062572",NA,"Dr.Torangon","Great with friends",1635897088,"upvote",0,0,1,0,1
"76561198009004334",NA,"atris13","This can be a fun game, but I think you have to play with friends. It's worth noting that I played as a guest with others and had no idea this game had an actual story. 
Potential Spoiler- As a guest, you get a slightly different intro, so I had no idea why I should find this Timmy kid on my objective list, it wasn't until I played some solo that I saw an alternative perspective and realized. I think this is a neat dynamic, but the lack of awareness for the game made it difficult to follow and I just thought it was a ""Rust"" like game.
This lack of story created an environment where we spent most of our play time cutting down forests and building bases, zip-lines, and other intricacies before one of my party started reading online... Then it all changed. We went from trying to manage our village to exploring and achieving goals. These goals and my companions understanding of the game gave us purpose and this is when I started to enjoy the game...
Until we ran into several glitches and issues (destroyed points for one do not mean everyone sees it destroyed or your location may not match up with some locations of items- reloading fixed many issues by resetting values. Another issue was achievement tracking in the system didn't register so for some doing this, you may have to host a separate game to get those that don't register correctly). We worked through them, but these issues can severely disrupt the enjoyable nature of the game.
One key takeaway for those willing to brave the game- guest saves are separate from the host... so if the guest saves and the host reverts their save, the guest maintains everything. This is nice for guests.
If it weren't for the multiple bugs, I would definitely rate this more favorably, but it's still an enjoyable game with a good group.",1642214814,"downvote",1,1,1,0,0
"76561198094737503",NA,"MooMoo!","bad.",1599703514,"downvote",0,0,0,0,1
"76561199014576739",NA,"ZwarteRakker","yes 10.5/10
‚°¥‚†ë‚°Ñ‚†Ä‚†Ä‚†Ä‚†Ä‚†Ä‚†Ä‚†Ä ‚£Ä‚£Ä‚£§‚£§‚£§‚£Ä‚°Ä
‚†∏‚°á‚†Ä‚†ø‚°Ä‚†Ä‚†Ä‚†Ä‚£Ä‚°¥‚¢ø‚£ø‚£ø‚£ø‚£ø‚£ø‚£ø‚£ø‚£∑‚£¶‚°Ä
‚†Ä‚†Ä‚†Ä‚†Ä‚†ë‚¢Ñ‚£†‚†æ‚†Å‚£Ä‚£Ñ‚°à‚†ô‚£ø‚£ø‚£ø‚£ø‚£ø‚£ø‚£ø‚£ø‚£Ü
‚†Ä‚†Ä‚†Ä‚†Ä‚¢Ä‚°Ä‚†Å‚†Ä‚†Ä‚†à‚†ô‚†õ‚†Ç‚†à‚£ø‚£ø‚£ø‚£ø‚£ø‚†ø‚°ø‚¢ø‚£Ü
‚†Ä‚†Ä‚†Ä‚¢Ä‚°æ‚£Å‚£Ä‚†Ä‚†¥‚†Ç‚†ô‚£ó‚°Ä‚†Ä‚¢ª‚£ø‚£ø‚†≠‚¢§‚£¥‚£¶‚£§‚£π‚†Ä‚†Ä‚†Ä‚¢Ä‚¢¥‚£∂‚£Ü
‚†Ä‚†Ä‚¢Ä‚£æ‚£ø‚£ø‚£ø‚£∑‚£Æ‚£Ω‚£æ‚£ø‚£•‚£¥‚£ø‚£ø‚°ø‚¢Ç‚†î‚¢ö‚°ø‚¢ø‚£ø‚£¶‚£¥‚£æ‚†∏‚£º‚°ø
‚†Ä‚¢Ä‚°û‚†Å‚†ô‚†ª‚†ø‚†ü‚†â‚†Ä‚†õ‚¢π‚£ø‚£ø‚£ø‚£ø‚£ø‚£å‚¢§‚£º‚£ø‚£æ‚£ø‚°ü‚†â
‚†Ä‚£æ‚£∑‚£∂‚†á‚†Ä‚†Ä‚£§‚£Ñ‚£Ä‚°Ä‚†à‚†ª‚£ø‚£ø‚£ø‚£ø‚£ø‚£ø‚£ø‚£ø‚£ø‚£ø‚°á
‚†Ä‚†â‚†à‚†â‚†Ä‚†Ä‚¢¶‚°à‚¢ª‚£ø‚£ø‚£ø‚£∂‚£∂‚£∂‚£∂‚£§‚£Ω‚°π‚£ø‚£ø‚£ø‚£ø‚°á
‚†Ä‚†Ä‚†Ä‚†Ä‚†Ä‚†Ä‚†Ä‚†â‚†≤‚£Ω‚°ª‚¢ø‚£ø‚£ø‚£ø‚£ø‚£ø‚£ø‚£∑‚£ú‚£ø‚£ø‚£ø‚°á
‚†Ä‚†Ä ‚†Ä‚†Ä‚†Ä‚†Ä‚†Ä‚¢∏‚£ø‚£ø‚£∑‚£∂‚£Æ‚£≠‚£Ω‚£ø‚£ø‚£ø‚£ø‚£ø‚£ø‚£ø‚†á
‚†Ä‚†Ä‚†Ä‚†Ä‚†Ä‚†Ä‚£Ä‚£Ä‚£à‚£ø‚£ø‚£ø‚£ø‚£ø‚£ø‚£ø‚£ø‚£ø‚£ø‚£ø‚£ø‚£ø‚†á
‚†Ä‚†Ä‚†Ä‚†Ä‚†Ä‚†Ä‚¢ø‚£ø‚£ø‚£ø‚£ø‚£ø‚£ø‚£ø‚£ø‚£ø‚£ø‚£ø‚£ø‚£ø‚£ø‚†É
",1625338090,"upvote",0,0,0,0,1
"76561198823869438",NA,"ciggacore","good",1618751391,"upvote",1,0,0,0,0
"76561197984545174",NA,"Proximity","Finished the game with 3 player co-op. One of the best survival experiences I've had. Fantastic game.",1632289903,"upvote",1,0,1,0,0
"76561199115337486",NA,"molly66548","gAmE fUn. but its really laggy on my pc. i have a gaming pc but this game dosent seem to fun the fast. but eaither way its fun",1613541506,"upvote",1,0,0,0,0
"76561198002291822",NA,"Karbuster","I have played for 20 minutes and have already had 4 heart attacks..
 Played for 5 minutes before being scared so bad i screamed (6' full grown man) by the sound of something RUNNING UP BEHIND ME never have i cursed the day i installed surround sound, i knew exactly where he was coming from and somehow that creeped me out even more

i walked towards him and he ran away

so i went back to the plane and grabbed the axe

3 minutes later he came back with friends
i killed them all

5 minutes later some insane guy came sprinting at me and then ran and jumped into the trees

right after he left more insane people came, i was outnumbered and terrified so i quit (im not proud of that) will play again later after my heart rate subsides

5/5 atmosphere
5/5 fighting
5/5 creepout factor

some horror games are creepy because you cant fight back, this is creepy because of what you can do",1465532868,"upvote",1,0,0,1,0
"76561199039454814",NA,"TeamN","
bo.
i t
his is fun",1625795238,"upvote",1,0,0,0,1
"76561199486770606",NA,"ItsDarkGosuto","If you like open world survival games with crafting and building, this is definitely the game for you.",1689208809,"upvote",1,0,0,0,1
"76561198144720108",NA,"It's That Shrimple","most survival games get lack luster after a couple hours. but this game. this peice of survival art. just does not get boring. the more i play the more i get attached and the story, the weapons, the crafting. it all makes sense in a way that makes you want to look for the next adventure.",1626466773,"upvote",1,1,0,0,1
"76561198409484725",NA,"Breadings","Very nice game! Recommended 10/10",1737552420,"upvote",1,0,0,0,0
"76561198016481500",NA,"123","the game is boring poor items poor crafting bugs and don't have challenges is sooooo easy to containg the fuckers  enemiges , really im a user hates the early early early access plz add many things ... actually the game dont woth a buy... buy 7 days to die is better",1420313984,"downvote",0,0,0,0,0
"76561199132595193",NA,"GTX 1650 TI","ay yo what's up #logang today we're going to be heading in the #japanesesuicideforest here in japan, but first of all make sure to smash that like button, share this video, and subscribe for more vlogs like this one right here, also make sure to follow me on twitter, instagram google +, and like my page on facebook and pintrest. before heading in here i just wanna say suicide is not a joke but is that a dead body i'm not fucking with ya'll let's get the camera in there. as you can see this person is dead if you don't want to end up like him make sure you stay subscribed you know he probably ain't have no friends but if your in the #logang you know logan is your best friend haha chilling anyways thanks for watching guys and i won't be monetizing this video but make sure to check out my merch in the description, and dont forget to like share and subscribe and peace out #logang haha",1736122041,"upvote",0,0,0,0,0
"76561199013300968",NA,"Grasu","cool game, don't play it anymore",1674921576,"upvote",1,0,0,0,0
"76561198239915234",NA,"Sf.  DeMMoN","VERY NICE GAME i like it",1637867187,"upvote",1,0,0,0,1
"76561198815819454",NA,"Krystal","I started with my friends and built a separate civilization for myself. I'm thinking of joining the cannibals (I wonder how my friends taste...)",1674932646,"upvote",1,0,1,0,1
"76561198362914967",NA,"Denisaa","i have to write something...",1625602036,"upvote",0,0,0,0,0
"76561198965218625",NA,"Hyperboom_791","fun",1611015377,"upvote",1,0,0,0,0
"76561198204779268",NA,"GandalfTheGrey","God damn, I wish I had friends to play this game with, I wish I had friends in general.",1601170970,"upvote",1,0,0,0,0
"76561198270327576",NA,"Ares","I like the game. it's fun. good building. Very spooky",1673201256,"upvote",1,0,0,1,1
"76561198139455470",NA,"SKY 1991","gr8",1594146192,"upvote",1,0,0,0,1
"76561197969381040",NA,"Zax","Lots of fun! Set up a dedicated server so you and your friends can make a cool world without worrying about the host being on.",1642112296,"upvote",1,0,1,0,1
"76561198442680847",NA,"heem","The Forest is an eerie open world filled with deadly AI enemies elevates The Forest above a good number of survival horror experiences out there, especially because of its interesting story, inspired by horror movies like The Descent. Everything is here to remind you that the surrounding nature will do everything to destroy your morale and your life. Oppressive, stressful, but so exhilarating. In a genre that is filled to the brim with many different titles all competing to be the best, The Forest certainly sets itself apart. It's hard, terrifying, and grim but also rewarding in its own right. Each death taught me a new lesson such as; how many damages each cannibal does, how fast some of them are, and how some are them are ""fakers"" too. There's a ton of customization and crafting to be done, and the areas that can be explored are very well made. The best part of this is that there is no single right way to play as you can tackle the game's happening's in any way you want. Anyone who likes crafting, survival, and possibly being eaten by cannibals (or eating the cannibals) should give this game a whirl. 8/10 would fu*k Megan.",1595745318,"upvote",1,1,0,1,1
